<?xml version="1.0" encoding="utf-8"?><data xmlns="https://www.mathworks.com/help/ref/data" count="4"><cat target="index.html"><title>Simscape Multibody Link</title><cat target="getting-started-with-simmechanics-link.html"><title>Getting Started with Simscape Multibody Link</title></cat>
<cat target="cad-link.html"><title>Autodesk Inventor</title><ref target="ref/smlink_linkinv.html" name="smlink_linkinv" init="S"><purpose>Add Simscape Multibody Link to your Windows registry as an Autodesk Inventor plugin</purpose></ref><ref target="ref/smlink_unlinkinv.html" name="smlink_unlinkinv" init="S"><purpose>Remove Simscape Multibody Link from your Windows registry as an Autodesk Inventor plugin</purpose></ref></cat>
<cat target="creo-proengineer.html"><title>PTC Creo</title></cat>
<cat target="solidworks.html"><title>SolidWorks</title><ref target="ref/smlink_linksw.html" name="smlink_linksw" init="S"><purpose>Add Simscape Multibody Link to your Windows registry as a SolidWorks plugin</purpose></ref><ref target="ref/smlink_unlinksw.html" name="smlink_unlinksw" init="S"><purpose>Remove Simscape Multibody Link from your Windows registry as a SolidWorks plugin</purpose></ref></cat>
</cat></data>